{
  "urls": [
    "ch1.webm",
    "ch1.mp3",
    "ch1.ogg"
  ],
  "sprite": {
    "BetDown": [
      0,
      1276.1451247165535
    ],
    "Match": [
      3000,
      2280.272108843537
    ],
    "MatchingSymbolSelect": [
      7000,
      1900.0000000000005
    ],
    "MusicTermLose": [
      10000,
      6199.999999999999
    ],
    "MusicTermWin": [
      18000,
      6199.999999999999
    ]
  }
}