{
  "urls": [
    "ch4.webm",
    "ch4.mp3",
    "ch4.ogg"
  ],
  "sprite": {
    "Click": [
      0,
      1038.2539682539682
    ],
    "PrizeBox_2": [
      3000,
      1468.0498866213156
    ],
    "YourNumberSelect": [
      6000,
      1599.9999999999995
    ],
    "YourNumberSelect2": [
      9000,
      100.13605442176932
    ]
  }
}